BenchmarkBigObject_Calc-16  ,341530078,3.9,        0 B/op    ,     0 allocs/op,,,,,,,
BenchmarkBigPObject_Calc-16  ,669078213,1.85,        0 B/op    ,     0 allocs/op,,,,,,,
BenchmarkBigIfcObject_Calc-16   ,170004778,6.84,        0 B/op    ,     0 allocs/op,,,BenchmarkSmallObject_Calc-16       ,1000000000,0.751,        0 B/op    ,     0 allocs/op
BenchmarkCompBigObject_Calc-16    ,214974638,4.83,        1 B/op    ,     0 allocs/op,,,BenchmarkObject_Calc-16     ,743500370,1.56,        0 B/op    ,     0 allocs/op
BenchmarkCompBigPObject_Calc-16   ,362813984,2.99,        0 B/op    ,     0 allocs/op,,,BenchmarkBigObject_Calc-16  ,341530078,3.9,        0 B/op    ,     0 allocs/op
BenchmarkCompBigIfcObject_Calc-16  ,100040602,10,        2 B/op    ,     0 allocs/op,,,,,,,
BenchmarkObject_Calc-16     ,743500370,1.56,        0 B/op    ,     0 allocs/op,,,small object,766138716,1.51,       0 B/op     ,    0 allocs/op
BenchmarkPObject_Calc-16     ,901515927,1.25,        0 B/op    ,     0 allocs/op,,,medium object,901515927,1.25,        0 B/op    ,     0 allocs/op
BenchmarkIfcObject_Calc-16      ,167694588,7.79,        0 B/op    ,     0 allocs/op,,,large object,669078213,1.85,        0 B/op    ,     0 allocs/op
BenchmarkCompObject_Calc-16    ,312053124,3.53,        0 B/op    ,     0 allocs/op,,,,,,,
BenchmarkCompPObject_Calc-16     ,766391637,1.44,        0 B/op    ,     0 allocs/op,,,,,,,
BenchmarkCompIfcObject_Calc-16    ,113434885,9.55,        2 B/op    ,     0 allocs/op,,,BenchmarkSmallIfcObject_Calc-16      ,165721966,7.75,       0 B/op     ,    0 allocs/op
BenchmarkSmallObject_Calc-16       ,1000000000,0.751,        0 B/op    ,     0 allocs/op,,,BenchmarkIfcObject_Calc-16      ,167694588,7.79,        0 B/op    ,     0 allocs/op
BenchmarkSmallPObject_Calc-16        ,766138716,1.51,       0 B/op     ,    0 allocs/op,,,BenchmarkBigIfcObject_Calc-16   ,170004778,6.84,        0 B/op    ,     0 allocs/op
BenchmarkSmallIfcObject_Calc-16      ,165721966,7.75,       0 B/op     ,    0 allocs/op,,,,,,,
BenchmarkCompSmallObject_Calc-16     ,638082822,2.02,       0 B/op     ,    0 allocs/op,,,,,,,
BenchmarkCompSmallPObject_Calc-16    ,1000000000,1.01,       0 B/op     ,    0 allocs/op,,,,,,,
BenchmarkCompSmallIfcObject_Calc-16  ,170629609,7.01,       0 B/op     ,    0 allocs/op,,,,,,,
BenchmarkMicroObject_Calc-16         ,1000000000,1.02,       0 B/op     ,    0 allocs/op,,,,,,,
BenchmarkMicroPObject_Calc-16        ,664089534,1.53,       0 B/op     ,    0 allocs/op,,,,,,,
BenchmarkMicroIfcObject_Calc-16      ,150719006,7.77,       0 B/op     ,    0 allocs/op,,,,,,,
BenchmarkTinyObject_Calc-16          ,872283936,1.28,       0 B/op     ,    0 allocs/op,,,,,,,
BenchmarkTinyPObject_Calc-16         ,1000000000,1.03,       0 B/op     ,    0 allocs/op,,,,,,,
BenchmarkTinyIfcObject_Calc-16       ,152320791,7.33,       0 B/op     ,    0 allocs/op,,,,,,,
BenchmarkMiniObject_Calc-16          ,348360777,3.52,       0 B/op     ,    0 allocs/op,,,,,,,
BenchmarkMiniPObject_Calc-16         ,881380615,1.28,       0 B/op     ,    0 allocs/op,,,,,,,
BenchmarkMiniIfcObject_Calc-16       ,159620230,7.58,       0 B/op     ,    0 allocs/op,,,,,,,
BenchmarkMegaObject_Calc-16          ,156290907,7.54,       0 B/op     ,    0 allocs/op,,,,,,,
BenchmarkMegaPObject_Calc-16         ,777933379,1.51,       0 B/op     ,    0 allocs/op,,,,,,,
BenchmarkMegaIfcObject_Calc-16       ,158557274,7.12,       0 B/op     ,    0 allocs/op,,,,,,,
BenchmarkTeraObject_Calc-16          ,77776372,14.8,       0 B/op     ,    0 allocs/op,,,,,,,
BenchmarkTeraPObject_Calc-16         ,678546289,1.74,       0 B/op     ,    0 allocs/op,,,,,,,
BenchmarkTeraIfcObject_Calc-16       ,166455222,7.14,       0 B/op     ,    0 allocs/op,,,,,,,
,,,,,,,,,,,
,,,,,,,,,,,
,,,,,,,,,,,
,,,,,,,,,,,
micro object,1000000000,1.02,       0 B/op     ,    0 allocs/op,,,,,,,
tiny object,872283936,1.28,       0 B/op     ,    0 allocs/op,,,,,,,
mini object,348360777,3.52,       0 B/op     ,    0 allocs/op,,,,,,,
mega object,156290907,7.54,       0 B/op     ,    0 allocs/op,,,,,,,
tera object,77776372,14.8,       0 B/op     ,    0 allocs/op,,,,,,,
,,,,,,,,,,,
BenchmarkMicroPObject_Calc-16        ,664089534,1.53,       0 B/op     ,    0 allocs/op,,,,,,,
BenchmarkTinyPObject_Calc-16         ,1000000000,1.03,       0 B/op     ,    0 allocs/op,,,,,,,
BenchmarkMiniPObject_Calc-16         ,881380615,1.28,       0 B/op     ,    0 allocs/op,,,,,,,
BenchmarkMegaPObject_Calc-16         ,777933379,1.51,       0 B/op     ,    0 allocs/op,,,,,,,
BenchmarkTeraPObject_Calc-16         ,678546289,1.74,       0 B/op     ,    0 allocs/op,,,,,,,
,,,,,,,,,,,
BenchmarkMicroIfcObject_Calc-16      ,150719006,7.77,       0 B/op     ,    0 allocs/op,,,,,,,
BenchmarkTinyIfcObject_Calc-16       ,152320791,7.33,       0 B/op     ,    0 allocs/op,,,,,,,
BenchmarkMiniIfcObject_Calc-16       ,159620230,7.58,       0 B/op     ,    0 allocs/op,,,,,,,
BenchmarkMegaIfcObject_Calc-16       ,158557274,7.12,       0 B/op     ,    0 allocs/op,,,,,,,
BenchmarkTeraIfcObject_Calc-16       ,166455222,7.14,       0 B/op     ,    0 allocs/op,,,,,,,
